product_id,name,product_added_date,brand,current_vendor,category_name_1,request_path_1,category_name_2,request_path_2,category_name_3,request_path_3,category_name_4,request_path_4,product_url,parent_product_id,current_price,current_cost,current_margin,current_ship_price,msrp,comparable_price,current_inventory,current_status,distinct_users_viewed_30,distinct_users_viewed_60,distinct_users_viewed_90,distinct_users_parent_carted_30,distinct_users_parent_carted_60,distinct_users_parent_carted_90,demand_30_days,demand_90_days,catalog_demand_30_days_rank,catalog_demand_90_days_rank,revenue_30_days,revenue_90_days,catalog_revenue_30_days_rank,catalog_revenue_90_days_rank
417366,Adesso - Orbit 1120 Dash Cam,9/4/2024,Adesso,D&H,Auto,auto,Audio/Video,auto/audio,Dash Cams,auto/audio/video,,,https://app.perpay.com/shop/product/417366,,141.99,82.13,59.86,16.99,119.99,119.99,7,Disabled,69,329,467,5,28,47,425.97,2805.77,,,118.99,475.96,,
306271,PetSafe - Rechargeable Fence System 14 gauge WiseWire,4/12/2019,PetSafe,UTM Distributing,Home,home,Pet,home/pet,Pet Essentials,home/pet/petessentials,Gates & Fencing Systems,home/pet/petessentials/gates-fencingsystems,https://app.perpay.com/shop/product/306271,315552,479.99,241.96,238.03,19.99,279.95,,0,Disabled,0,0,0,0,0,0,0,0,,,0,0,,
409248,"Bloem - Mathers Round Planter with Saucer Tray, 12"", Black",6/19/2024,Bloem,Flat River,Outdoor Living & Garden,outdoorliving-garden,Lawn & Garden,outdoorliving-garden/lawn-garden,Pots & Planters,outdoorliving-garden/lawn-garden/pots-planters,,,https://app.perpay.com/shop/product/409248,409124,33.99,15.75,18.24,19.99,39.99,29.99,13,Enabled,0,0,0,0,0,0,0,101.97,12403,13275,0,67.98,8025,9943
334555,Yokohama - Geolandar M/T G003 - LT255/75R17,10/19/2020,Yokohama,Simple Tire,Auto,auto,Tires,auto/tires,Light Truck/SUV,auto/tires/lighttruck,Mud Terrain,auto/tires/lighttruck/suv,https://app.perpay.com/shop/product/334555,,479.99,266.18,213.81,14.99,199.47,,0,Disabled,0,0,0,0,0,0,0,0,,,0,0,,
339738,ScooterX - Dirt Dog 49cc Scooter - Red,3/9/2021,ScooterX,Big Toys USA,Baby & Kids,baby-kids,Recreation,baby-kids/recreation,Bikes & Scooters,baby-kids/recreation/bikes-scooters,Electric Scooters,baby-kids/recreation/bikes-scooters/electricscooters,https://app.perpay.com/shop/product/339738,339637,779.99,410,369.99,99.99,479,,3,Disabled,0,0,0,0,0,0,0,0,,,0,0,,
376128,Lugz - Men's Drifter 6 ST Boot - Black - 11.0,9/13/2022,Lugz,Lugz,"Clothing, Shoes & Accessories",clothing-shoes-accessories,Shoes,clothing-shoes-accessories/shoes,Men's Shoes,clothing-shoes-accessories/shoes/men-sshoes,Boots,clothing-shoes-accessories/shoes/men-sshoes/boots,https://app.perpay.com/shop/product/376128,374878,79.99,35.74,44.25,14.99,69.99,69.99,47,Enabled,0,0,0,0,0,0,0,0,12403,15107,0,0,8025,10964
369508,Bliss Hammocks - 60 Wide Cotton Rope Hammock - Brown,5/9/2022,Bliss Hammocks,Rymax,Outdoor Living & Garden,outdoorliving-garden,Outdoor Furniture & Decor,outdoorliving-garden/outdoorfurniture-decor,Outdoor Furniture,outdoorliving-garden/outdoorfurniture-decor/outdoorfurniture,Porch Swings & Hammocks,outdoorliving-garden/outdoorfurniture-decor/outdoorfurniture/porchswings-hammocks,https://app.perpay.com/shop/product/369508,,130.99,60,70.99,36.99,100,,0,Disabled,0,0,0,0,0,0,0,0,,,0,0,,
406681,"Continental - CrossContact LX25, 235/60R18, 103H",6/4/2024,Continental,Simple Tire,Auto,auto,Tires,auto/tires,Light Truck/SUV,auto/tires/lighttruck,All Season,auto/tires/lighttruck/suv,https://app.perpay.com/shop/product/406681,,387.99,212.32,175.67,14.99,289.99,289.99,0,Disabled,0,0,0,0,0,0,0,0,,,0,0,,
425669,"LumiSource - Cylinder Ash Wood Table Lamp, Ash",10/15/2024,LumiSource,Lumisource,Home,home,Lighting,home/lighting,Table & Floor Lamps,home/lighting/table-floorlamps,Table Lamps,home/lighting/table-floorlamps/tablelamps,https://app.perpay.com/shop/product/425669,,99.99,51,48.99,21.99,85,85,21,Enabled,6,11,13,2,2,3,0,99.99,12403,13296,0,99.99,8025,8963
373605,Julia Jewelry - Round Cut Black Diamond Studs - 0.08 CT TW,7/28/2022,Julia Jewelry,MAS Premium,Handbags & Jewelry,handbags-jewelry,Fashion Jewelry,handbags-jewelry/fashionjewelry,Earrings,handbags-jewelry/fashionjewelry/earrings,,,https://app.perpay.com/shop/product/373605,388557,70.99,28,42.99,14.99,54.99,,5,Disabled,0,0,0,0,0,0,0,0,,,0,0,,
289556,Shimano - AX Spinning Reel Reversible,8/10/2018,Shimano,Power Sales,Lifestyle & Recreation,lifestyle-recreation,Recreation,lifestyle-recreation/recreation,Hunting & Fishing,lifestyle-recreation/recreation/hunting-fishing,,,https://app.perpay.com/shop/product/289556,,31.99,16,15.99,14.99,22.99,,0,Disabled,0,0,0,0,0,0,0,0,,,0,0,,
416682,"Fitbit - Inspire 3 Smart Band and Tracker, Morning Glow/Black",8/21/2024,Fitbit,D&H,Electronics,electronics,Wearable Technology,electronics/wearabletechnology,Activity Trackers,electronics/wearabletechnology/activitytrackers,,,https://app.perpay.com/shop/product/416682,,116.99,71.2,45.79,16.99,99.95,99.95,417,Enabled,67,122,199,3,11,17,0,935.92,12403,6922,116.99,584.95,5889,4591
230433,"Surya - Riley 5' 3"" by 7' 6"" Chocolate Modern Rug",7/29/2014,Surya,Surya,Home,home,Rugs & Decor,home/rugs-decor,Rugs,home/rugs-decor/rugs,Area Rugs,home/rugs-decor/rugs/arearugs,https://app.perpay.com/shop/product/230433,,169.99,66,103.99,34.99,219,,0,Disabled,0,0,0,0,0,0,0,0,,,0,0,,
382986,"Nike - Women's Tempo Running Shorts, Gunsmoke/Wolf Grey, XS",3/22/2023,Nike,Apex,"Clothing, Shoes & Accessories",clothing-shoes-accessories,Women's Clothing,clothing-shoes-accessories/women-sclothing,Activewear,clothing-shoes-accessories/women-sclothing/activewear,Active Bottoms,clothing-shoes-accessories/women-sclothing/activewear/activebottoms,https://app.perpay.com/shop/product/382986,,41.99,21.6,20.39,15.99,32,32,0,Disabled,0,0,0,0,0,0,0,0,,,0,0,,
445762,"Hape - My Coffee Machine Wooden Kitchen Accessory, White",8/5/2025,Hape,Flat River,Toys & Baby,toys-baby,Toys,toys-baby/toys,Dress Up & Pretend Play,toys-baby/toys/dressup-pretendplay,,,https://app.perpay.com/shop/product/445762,,37.99,19.59,18.4,18.99,27.99,,0,Disabled,0,0,0,0,0,0,0,0,,,0,0,,
335058,Lugz - Men's Aspen Chukka Boot - 6.5 - Dk Grey/Blue Lake/Black,10/22/2020,Lugz,Lugz,"Clothing, Shoes & Accessories",clothing-shoes-accessories,Shoes,clothing-shoes-accessories/shoes,Men's Shoes,clothing-shoes-accessories/shoes/men-sshoes,Boots,clothing-shoes-accessories/shoes/men-sshoes/boots,https://app.perpay.com/shop/product/335058,335862,99.99,38.49,61.5,14.99,69.99,,0,Disabled,0,0,0,0,0,0,0,0,,,0,0,,
398654,"Baxton Studio - Harding Espresso Shoe-Storage Cabinet, Dark Brown",2/5/2024,Baxton Studio,Wholesale Interiors,Home,home,Furniture,home/furniture,Hall & Entry Furniture,home/furniture/hall-entryfurniture,Storage Cabinets,home/furniture/hall-entryfurniture/storagecabinets,https://app.perpay.com/shop/product/398654,,289.99,128,161.99,79.99,290,290,46,Enabled,3,7,13,0,0,0,0,0,12403,15107,0,0,8025,10964
174544,Cherokee - Women's WorkWear Snap Front Top,10/28/2013,Cherokee,Cherokee,Fashion & Beauty,fashion-beauty,Women,fashion-beauty/women,Clothing,fashion-beauty/women/clothing,Hospital Uniforms,fashion-beauty/women/clothing/hospitaluniforms,https://app.perpay.com/shop/product/174544,166396,25.99,10,15.99,4.99,30,,26,Disabled,0,0,0,0,0,0,0,0,,,0,0,,
314651,Ashley Furniture - Mateja Pillow,6/28/2019,Ashley Furniture,Ashley Express,Home,home,Rugs & Decor,home/rugs-decor,Accent Pillows & Blankets,home/rugs-decor/accentpillows-blankets,Accent Pillows,home/rugs-decor/accentpillows-blankets/accentpillows,https://app.perpay.com/shop/product/314651,314460,38.99,18.62,20.37,5.99,29.99,,0,Disabled,0,0,0,0,0,0,0,0,,,0,0,,
299989,Goodyear - Eagle LS-2 - P225/65R16,11/28/2018,Goodyear,Simple Tire,Auto,auto,Tires,auto/tires,Passenger ,auto/tires/passenger,All Season,auto/tires/passenger/allseason,https://app.perpay.com/shop/product/299989,,313.99,170.67,143.32,14.99,137.52,,0,Disabled,0,0,0,0,0,0,0,0,,,0,0,,
444212,"LEE - Men's Riker Boot, British Tan Wax/Chocolate, 8",7/24/2025,Lee,Lee,"Clothing, Shoes & Accessories",clothing-shoes-accessories,Shoes,clothing-shoes-accessories/shoes,Men's Shoes,clothing-shoes-accessories/shoes/men-sshoes,Boots,clothing-shoes-accessories/shoes/men-sshoes/boots,https://app.perpay.com/shop/product/444212,,77.99,35,42.99,18.99,70,70,64,Enabled,0,0,0,0,0,0,0,0,12403,15107,0,0,8025,10964
407370,"Firestone - Destination LE3, 265/70R18, 116T",6/4/2024,Firestone,Simple Tire,Auto,auto,Tires,auto/tires,Passenger ,auto/tires/passenger,All Season,auto/tires/passenger/allseason,https://app.perpay.com/shop/product/407370,,339.99,188.83,151.16,14.99,294.99,294.99,0,Disabled,0,0,0,0,0,0,0,0,,,0,0,,
315027,Four Paws - Magic Coat Instant mat Removing Comb,7/11/2019,Four Paws,UTM Distributing,Home,home,Pet,home/pet,Dog,home/pet/dog,Dog Supplies & Care,home/pet/dog/dogsupplies-care,https://app.perpay.com/shop/product/315027,,9.99,3.9,6.09,5.99,7.99,7.99,11,Disabled,0,0,0,0,0,0,0,0,,,0,0,,
358765,Apple - Smart Folio for Apple iPad mini (6th Generation 2021) - English Lavender,9/28/2021,Apple,Best Buy,Electronics,electronics,Computers,electronics/computers,iPads & Tablets,electronics/computers/ipads-tablets,Accessories,electronics/computers/ipads-tablets/accessories,https://app.perpay.com/shop/product/358765,,86.99,59,27.99,14.99,,59,0,Disabled,0,0,0,0,0,0,0,0,,,0,0,,
389403,"Lugz - Men's Sidewinder, Brown/Olivedrab/Charcoal/Black, 9",8/11/2023,Lugz,Lugz,"Clothing, Shoes & Accessories",clothing-shoes-accessories,Shoes,clothing-shoes-accessories/shoes,Men's Shoes,clothing-shoes-accessories/shoes/men-sshoes,Boots,clothing-shoes-accessories/shoes/men-sshoes/boots,https://app.perpay.com/shop/product/389403,389273,111.99,43.99,68,12.99,79.99,,0,Disabled,0,0,0,0,0,0,0,0,,,0,0,,
309777,Miller Mfg - Cage Cup 16 oz.,4/16/2019,Miller Mfg,Jacks Inc,Home,home,Pet,home/pet,Small Animal,home/pet/smallanimal,,,https://app.perpay.com/shop/product/309777,308453,9.99,2.7,7.29,5.99,2.86,,0,Disabled,0,0,0,0,0,0,0,0,,,0,0,,
360836,Radio Flyer - Big Flyer,10/28/2021,Radio Flyer,Rymax,Toys & Baby,toys-baby,Toys,toys-baby/toys,Riding Toys,toys-baby/toys/ridingtoys,,,https://app.perpay.com/shop/product/360836,,169.99,80.98,89.01,24.99,92,,0,Disabled,0,0,0,0,0,0,0,0,,,0,0,,
292853,OXO - Good Grips 22oz Stainless Steel Double Wall Travel Mug,9/5/2018,OXO,Power Sales,Kitchen & Dining,kitchen-dining,Glassware & Barware,kitchen-dining/glassware-barware,Drinkware,kitchen-dining/glassware-barware/drinkware,Coffee Mugs & Tea Cups,kitchen-dining/glassware-barware/drinkware/coffeemugs-teacups,https://app.perpay.com/shop/product/292853,,28.99,14.35,14.64,5.99,24.99,,0,Disabled,0,0,0,0,0,0,0,0,,,0,0,,
290343,OXO - Tot Cubby Stroller Charcoal,8/10/2018,OXO,Power Sales,Toys & Baby,toys-baby,Baby,toys-baby/baby,Strollers & Carriers,toys-baby/baby/strollers-carriers,,,https://app.perpay.com/shop/product/290343,,329.99,179.99,150,29.99,299.99,,0,Disabled,0,0,0,0,0,0,0,0,,,0,0,,
433150,"Dukap - Zahav 3-Piece Luggage Set,  20""/24""/28"", Teal",4/7/2025,Dukap,Fulfillment Services,Handbags & Jewelry,handbags-jewelry,Handbags & Wallets,handbags-jewelry/handbags-wallets,Luggage & Travel,handbags-jewelry/handbags-wallets/luggage-travel,Luggage,handbags-jewelry/handbags-wallets/luggage-travel/luggage,https://app.perpay.com/shop/product/433150,,255.99,126.5,129.49,22.99,349.99,,0,Disabled,0,0,0,0,0,0,0,0,,,0,0,,
345252,"iHome - Compact Digital Alarm Clock with USB and Qi Wireless Charging for iPhone 12, 11, XR, XS, X, 8, Galaxy S20, Z Flip, Fold, S10, S9, S8, Note 10, 9 and More",5/17/2021,iHome,D&H,Electronics,electronics,Personal Audio & Video,electronics/personalaudio-video,Smart Home,electronics/personalaudio-video/smarthome,Accessories,electronics/personalaudio-video/smarthome/accessories,https://app.perpay.com/shop/product/345252,,63.99,38.64,25.35,9.99,49.99,,0,Disabled,0,0,0,0,0,0,0,0,,,0,0,,
260456,Eau De Royal Secret by Five Star Fragrances EDT Spray,8/22/2016,Eau De Royal Secret,FragranceNet,Beauty,beauty,Fragrance,beauty/fragrance,Perfume,beauty/fragrance/perfume,,,https://app.perpay.com/shop/product/260456,258295,31.99,15.74,16.25,14.99,45,,0,Disabled,0,0,0,0,0,0,0,0,,,0,0,,
281717,Vtech - Kidizoom DX2 Smartwatch,4/20/2018,VTech,Best Buy,Electronics,electronics,Wearable Technology,electronics/wearabletechnology,Smart Watches,electronics/wearabletechnology/smartwatches,,,https://app.perpay.com/shop/product/281717,281627,89.99,53.98,36.01,14.99,59.99,,0,Disabled,0,0,0,0,0,0,0,0,,,0,0,,
347288,True & Tidy - 3-piece Mop Pad Replacement Set for SPRAY-250 Spray Mop - Gray,5/19/2021,True & Tidy,Almo,Home,home,Household Essentials,home/householdessentials,Cleaning Essentials,home/householdessentials/cleaningessentials,Cleaning Tools,home/householdessentials/cleaningessentials/cleaningtools,https://app.perpay.com/shop/product/347288,,17.99,13.8,4.19,9.99,19.99,14.99,21,Disabled,0,0,0,0,0,0,0,0,,,0,0,,
318128,Swarovski - Nice Necklace - Gold-Plated,9/20/2019,Swarovski,Rymax,Handbags & Jewelry,handbags-jewelry,Fashion Jewelry,handbags-jewelry/fashionjewelry,Necklaces,handbags-jewelry/fashionjewelry/necklaces,,,https://app.perpay.com/shop/product/318128,,169.99,66.94,103.05,19.99,119,,0,Disabled,0,0,0,0,0,0,0,0,,,0,0,,
289821,Pure Fishing - Deluxe Spin Package,8/10/2018,Pure Fishing,Power Sales,Lifestyle & Recreation,lifestyle-recreation,Recreation,lifestyle-recreation/recreation,Hunting & Fishing,lifestyle-recreation/recreation/hunting-fishing,,,https://app.perpay.com/shop/product/289821,,329.99,168,161.99,29.99,235.05,,0,Disabled,0,0,0,0,0,0,0,0,,,0,0,,
398369,Gibson - Scarlet Leaves 12 pc Dinnerware Set,1/19/2024,Gibson,Megagoods,Kitchen & Dining,kitchen-dining,Dinnerware & Serveware,kitchen-dining/dinnerware-serveware,Dinnerware,kitchen-dining/dinnerware-serveware/dinnerware,Dinnerware Sets,kitchen-dining/dinnerware-serveware/dinnerware/dinnerwaresets,https://app.perpay.com/shop/product/398369,,56.99,24,32.99,20.99,74.99,57.99,130,Enabled,9,22,27,1,2,2,0,0,12403,15107,0,0,8025,10964
169211,Cherokee - Women's V-Neck Top,10/28/2013,Cherokee,Cherokee,Fashion & Beauty,fashion-beauty,Women,fashion-beauty/women,Clothing,fashion-beauty/women/clothing,Hospital Uniforms,fashion-beauty/women/clothing/hospitaluniforms,https://app.perpay.com/shop/product/169211,166481,33.99,13.75,20.24,4.99,30,,0,Disabled,0,0,0,0,0,0,0,0,,,0,0,,
363370,"Pflueger - Supreme Spinning Reel, 35 Size",2/9/2022,Pflueger,Power Sales,Lifestyle & Recreation,lifestyle-recreation,Recreation,lifestyle-recreation/recreation,Hunting & Fishing,lifestyle-recreation/recreation/hunting-fishing,,,https://app.perpay.com/shop/product/363370,,184.99,118.75,66.24,19.99,119.95,,11,Disabled,0,0,0,0,0,0,0,0,,,0,0,,
303800,Roland - Roland FA-06 Music Workstation 61-Key Stage Digital Piano,4/3/2019,Roland,Cascio Music,Lifestyle & Recreation,lifestyle-recreation,Hobbies & Crafts,lifestyle-recreation/hobbies-crafts,Music,lifestyle-recreation/hobbies-crafts/music,,,https://app.perpay.com/shop/product/303800,,1854.99,1103.66,751.33,24.99,1399,,0,Disabled,0,0,0,0,0,0,0,0,,,0,0,,
328275,Crosely - Kaplan Side Table,3/23/2020,Crosley,Crosley,Outdoor Living & Garden,outdoorliving-garden,Outdoor Furniture & Decor,outdoorliving-garden/outdoorfurniture-decor,Outdoor Furniture,outdoorliving-garden/outdoorfurniture-decor/outdoorfurniture,Outdoor Tables,outdoorliving-garden/outdoorfurniture-decor/outdoorfurniture/outdoortables,https://app.perpay.com/shop/product/328275,,179.99,70,109.99,44.99,145,,0,Disabled,0,0,0,0,0,0,0,0,,,0,0,,
370563,Monster - Power Center Vertex XL 10 AC Outlet Surge Protector - Black,5/25/2022,Monster,Power Sales,Electronics,electronics,Personal Audio & Video,electronics/personalaudio-video,Smart Home,electronics/personalaudio-video/smarthome,Accessories,electronics/personalaudio-video/smarthome/accessories,https://app.perpay.com/shop/product/370563,,149.99,77.65,72.34,19.99,149.99,,0,Disabled,0,0,0,0,0,0,0,0,,,0,0,,
338965,Staub - 4qt Round Cast Iron Cocotte - Turquoise,2/24/2021,Staub,Power Sales,Kitchen & Dining,kitchen-dining,Cookware & Bakeware,kitchen-dining/cookware-bakeware,Pots & Pans,kitchen-dining/cookware-bakeware/pots-pans,,,https://app.perpay.com/shop/product/338965,357707,379.99,172,207.99,19.99,414,,0,Disabled,0,0,0,0,0,0,0,0,,,0,0,,
245254,Heys - EcoOrbis-Lilac-21 Inch Expandable Spinner,4/6/2015,Heys,Heys America Ltd,Lifestyle,lifestyle,Recreation,lifestyle/recreation,Travel,lifestyle/recreation/travel,Luggage,lifestyle/recreation/travel/luggage,https://app.perpay.com/shop/product/245254,245233,139.99,67.5,72.49,24.99,123,,0,Disabled,0,0,0,0,0,0,0,0,,,0,0,,
307539,Midwest - Dog Double Door i-Crate,4/12/2019,Midwest,UTM Distributing,Home,home,Pet,home/pet,Dog,home/pet/dog,Dog Beds & Crates,home/pet/dog/dogbeds-crates,https://app.perpay.com/shop/product/307539,305753,209.99,129.36,80.63,14.99,108.08,,8,Disabled,0,0,0,0,0,0,0,0,,,0,0,,
332977,Pai-Shau - Imperial (Strong) Hold Hairspray - 465ml,9/18/2020,Pai-Shau,Rymax,Beauty,beauty,Hair Care,beauty/haircare,Hair Products,beauty/haircare/hairproducts,,,https://app.perpay.com/shop/product/332977,390200,35.99,16.22,19.77,5.99,29.5,,0,Disabled,0,0,0,0,0,0,0,0,,,0,0,,
285882,Fossil - Jacqueline Three-Hand Date Blush Leather Watch,6/1/2018,Fossil,Fossil Group,Handbags & Jewelry,handbags-jewelry,Watches,handbags-jewelry/watches,Women's,handbags-jewelry/watches/women-s,,,https://app.perpay.com/shop/product/285882,,189.99,74.5,115.49,14.99,149,,0,Disabled,0,0,0,0,0,0,0,0,,,0,0,,
396987,"Smoby Toys SAS - Garden Kitchen - Outdoor Play Set, 43 Accessories",11/7/2023,Smoby Toys SAS,Flat River,Toys & Baby,toys-baby,Toys,toys-baby/toys,Dress Up & Pretend Play,toys-baby/toys/dressup-pretendplay,,,https://app.perpay.com/shop/product/396987,,164.99,99,65.99,14.99,159.99,139.99,0,Disabled,0,0,0,0,0,0,0,0,,,0,0,,
401119,"Klipsch - Rock AWR-650-SM Outdoor Speaker, Granite",2/28/2024,Klipsch,Powerplay,Electronics,electronics,TVs & Entertainment,electronics/tvs-entertainment,Home Audio,electronics/tvs-entertainment/homeaudio,Speakers & Subwoofers,electronics/tvs-entertainment/homeaudio/speakers-subwoofers,https://app.perpay.com/shop/product/401119,401074,329.99,195,134.99,20.99,329,329,0,Disabled,0,0,0,0,0,0,0,0,,,0,0,,
359820,Le Wand - Stainless Bow,10/14/2021,Le Wand,Entrenue,Beauty,beauty,Personal Care,beauty/personalcare,Sensual Wellness,beauty/personalcare/sensualwellness,,,https://app.perpay.com/shop/product/359820,,139.99,62.5,77.49,14.99,125,,5,Disabled,0,0,0,0,0,0,0,0,,,0,0,,
308757,ForeFront Equine - ForeFront Canine Hip & Joint 90 chews,4/16/2019,ForeFront Equine,Jacks Inc,Home,home,Pet,home/pet,Dog,home/pet/dog,Dog Supplies & Care,home/pet/dog/dogsupplies-care,https://app.perpay.com/shop/product/308757,,46.99,21.41,25.58,9.99,24.74,,0,Disabled,0,0,0,0,0,0,0,0,,,0,0,,
286567,FOSSIL-,6/1/2018,Fossil,Fossil Group,Handbags & Jewelry,handbags-jewelry,Handbags & Wallets,handbags-jewelry/handbags-wallets,Handbags,handbags-jewelry/handbags-wallets/handbags,,,https://app.perpay.com/shop/product/286567,,129.99,59.25,70.74,14.99,,,0,Disabled,0,0,0,0,0,0,0,0,,,0,0,,
438289,"Deer Stags - Men's Wide Montez Slip-Resistant Workwear Shoe, Black, 10.5",6/3/2025,Deer Stags,Deer Stag,"Clothing, Shoes & Accessories",clothing-shoes-accessories,Shoes,clothing-shoes-accessories/shoes,Men's Shoes,clothing-shoes-accessories/shoes/men-sshoes,Dress Shoes,clothing-shoes-accessories/shoes/men-sshoes/dressshoes,https://app.perpay.com/shop/product/438289,444921,62.99,28,34.99,17.99,80,80,58,Enabled,0,0,0,0,0,0,0,0,12403,15107,0,0,8025,10964
189329,Petite Cherie by Annick Goutal EDT Spray,10/28/2013,PETITE CHERIE,FragranceNet,Beauty,beauty,Fragrance,beauty/fragrance,Perfume,beauty/fragrance/perfume,,,https://app.perpay.com/shop/product/189329,,129.99,58.5,71.49,5.99,115,,0,Disabled,0,0,0,0,0,0,0,0,,,0,0,,
326126,Redbarn - Twizzle Stix™ Chewy Dog Treat 7 Inch 4 Pack,2/19/2020,Redbarn,Animal Supply Company,Home,home,Pet,home/pet,Dog,home/pet/dog,Food & Treats,home/pet/dog/food-treats,https://app.perpay.com/shop/product/326126,,17.99,8.98,9.01,5.99,,,21,Disabled,0,0,0,0,0,0,0,0,,,0,0,,
410255,"The North Face - Men's Canyonlands 1/2 Zip Jacket , TNF Black, Large",7/2/2024,The North Face,Premco,"Clothing, Shoes & Accessories",clothing-shoes-accessories,Men's Clothing,clothing-shoes-accessories/men-sclothing,Outerwear,clothing-shoes-accessories/men-sclothing/outerwear,Jackets,clothing-shoes-accessories/men-sclothing/outerwear/jackets,https://app.perpay.com/shop/product/410255,,99.99,52,47.99,20.99,80,80,0,Disabled,0,0,0,0,0,0,0,0,,,0,0,,
330470,"Digital Basics - Double Wrap Leather Band for Apple Watch 42mm/44mm, Black",7/2/2020,Digital Basics,Digital Gadgets,Electronics,electronics,Wearable Technology,electronics/wearabletechnology,Smart Watches,electronics/wearabletechnology/smartwatches,Accessories,electronics/wearabletechnology/smartwatches/accessories,https://app.perpay.com/shop/product/330470,330425,39.99,14.5,25.49,14.99,69.99,29.99,0,Disabled,0,0,0,0,0,0,0,0,,,0,0,,
274073,Melissa & Doug - Farm Tractor,10/4/2017,Melissa & Doug,Melissa & Doug,Toys & Baby,toys-baby,Toys,toys-baby/toys,Vehicles & Remote Control Toys,toys-baby/toys/vehicles-remotecontroltoys,,,https://app.perpay.com/shop/product/274073,,24.99,9.99,15,9.99,19.99,,0,Disabled,0,0,0,0,0,0,0,0,,,0,0,,
334210,UGG - Ladies' Classic Short II - Black/Size 11,10/9/2020,Ugg,Rymax,"Clothing, Shoes & Accessories",clothing-shoes-accessories,Shoes,clothing-shoes-accessories/shoes,Women's Shoes,clothing-shoes-accessories/shoes/women-sshoes,Boots,clothing-shoes-accessories/shoes/women-sshoes/boots,https://app.perpay.com/shop/product/334210,327654,257.99,142.5,115.49,16.99,170,180,0,Disabled,0,0,0,0,0,0,0,0,,,0,0,,
262442,Coleman Camping - Silverton 15 Degree Sleeping Bag,3/9/2017,Coleman Camping,D&H,Lifestyle & Recreation,lifestyle-recreation,Recreation,lifestyle-recreation/recreation,Camping & Hiking,lifestyle-recreation/recreation/camping-hiking,Camp Furniture,lifestyle-recreation/recreation/camping-hiking/campfurniture,https://app.perpay.com/shop/product/262442,,79.99,39.37,40.62,9.99,,,0,Disabled,0,0,0,0,0,0,0,0,,,0,0,,
214734,Surya - Cosmopolitan 8' Round Aloe Stepping Stones Hand Tufted Rug,7/29/2014,Surya,Surya,Home,home,Rugs & Decor,home/rugs-decor,Rugs,home/rugs-decor/rugs,Area Rugs,home/rugs-decor/rugs/arearugs,https://app.perpay.com/shop/product/214734,,829.99,338,491.99,34.99,1125,,0,Disabled,0,0,0,0,0,0,0,0,,,0,0,,
340445,Lugz - Men's Stockwell Linen Sneaker - 10.5 - Tan/White,3/16/2021,Lugz,Lugz,"Clothing, Shoes & Accessories",clothing-shoes-accessories,Shoes,clothing-shoes-accessories/shoes,Men's Shoes,clothing-shoes-accessories/shoes/men-sshoes,Sneakers,clothing-shoes-accessories/shoes/men-sshoes/sneakers,https://app.perpay.com/shop/product/340445,339819,53.99,21.99,32,14.99,39.99,,0,Disabled,0,0,0,0,0,0,0,0,,,0,0,,
218852,Surya - Frontier 2' by 3' Squash Geometric Flatweave Hand Woven Rug,7/29/2014,Surya,Surya,Home,home,Rugs & Decor,home/rugs-decor,Rugs,home/rugs-decor/rugs,Area Rugs,home/rugs-decor/rugs/arearugs,https://app.perpay.com/shop/product/218852,,79.99,32,47.99,34.99,108,,1,Disabled,0,0,0,0,0,0,0,0,,,0,0,,
370006,Barbasol - Pro Hair Clipper Kit AC powered - Silver,5/12/2022,Barbasol,Fulfillment Services,Beauty,beauty,Personal Care,beauty/personalcare,Men's Grooming,beauty/personalcare/men-sgrooming,,,https://app.perpay.com/shop/product/370006,,34.99,15.4,19.59,14.99,21.99,16.99,20,Disabled,0,0,0,0,0,0,0,0,,,0,0,,
322426,Microsoft - unavaialble,11/1/2019,Microsoft,Best Buy,Electronics,electronics,Computers,electronics/computers,iPads & Tablets,electronics/computers/ipads-tablets,,,https://app.perpay.com/shop/product/322426,,1599.99,972.25,627.74,14.99,1329,,0,Disabled,0,0,0,0,0,0,0,0,,,0,0,,
245301,Heys - Sakura Fashion Spinner - 3pc Set,4/6/2015,Heys,Heys America Ltd,Lifestyle,lifestyle,Recreation,lifestyle/recreation,Travel,lifestyle/recreation/travel,Luggage,lifestyle/recreation/travel/luggage,https://app.perpay.com/shop/product/245301,,479.99,240,239.99,34.99,436,,0,Disabled,0,0,0,0,0,0,0,0,,,0,0,,
355082,Surya - Caesar - 4' Square Rug,8/17/2021,Surya,Surya,Home,home,Rugs & Decor,home/rugs-decor,Rugs,home/rugs-decor/rugs,Area Rugs,home/rugs-decor/rugs/arearugs,https://app.perpay.com/shop/product/355082,,329.99,152,177.99,19.99,365,,13,Disabled,0,0,0,0,0,0,0,0,,,0,0,,
378306,"Sony - 77"" BRAVIA XR A80K 4K HDR OLED TV w/ Smart Google TV",10/4/2022,Sony,Power Sales,Electronics,electronics,TVs & Entertainment,electronics/tvs-entertainment,Televisions,electronics/tvs-entertainment/televisions,TVs,electronics/tvs-entertainment/televisions/tvs,https://app.perpay.com/shop/product/378306,,4568.99,2718,1850.99,159.99,3499.99,,0,Disabled,0,0,0,0,0,0,0,0,,,0,0,,
384226,"Igloo - MaxCold Latitude 100 Cooler, Ash Gray/Aegean Sea",5/5/2023,Igloo,Power Sales,Outdoor Living & Garden,outdoorliving-garden,Outdoor Tools & Equipment,outdoorliving-garden/outdoortools-equipment,Coolers,outdoorliving-garden/outdoortools-equipment/coolers,,,https://app.perpay.com/shop/product/384226,390856,189.99,92,97.99,50.99,149.99,,0,Disabled,0,0,0,0,0,0,0,0,,,0,0,,
398446,Gibson - 12 Piece Tamara Melamine Dinnerware Set in White and Floral,1/19/2024,Gibson,Megagoods,Kitchen & Dining,kitchen-dining,Dinnerware & Serveware,kitchen-dining/dinnerware-serveware,Dinnerware,kitchen-dining/dinnerware-serveware/dinnerware,Dinnerware Sets,kitchen-dining/dinnerware-serveware/dinnerware/dinnerwaresets,https://app.perpay.com/shop/product/398446,,48.99,24.2,24.79,20.99,74.99,64.99,0,Disabled,0,0,0,0,0,0,0,0,,,0,0,,
278478,Cuisinart - Digital Grilling Thermometer and Timer,3/12/2018,Cuisinart,Almo,Outdoor Living & Garden,outdoorliving-garden,Grills & Outdoor Cooking,outdoorliving-garden/grills-outdoorcooking,Grills & Smokers,outdoorliving-garden/grills-outdoorcooking/grills-smokers,,,https://app.perpay.com/shop/product/278478,,30.99,24.25,6.74,9.99,39.99,,0,Disabled,0,0,0,0,0,0,0,0,,,0,0,,
298926,Cooper - Zeon RS3-S - 305/35R20,11/28/2018,Cooper,Simple Tire,Auto,auto,Tires,auto/tires,Passenger,auto/tires/passenger,,,https://app.perpay.com/shop/product/298926,,329.99,182.67,147.32,14.99,267.74,,0,Disabled,0,0,0,0,0,0,0,0,,,0,0,,
441650,"SUNNYLiFE - Light Cooler Bag Lazy Days Pink Stripe 4.9Gal, Hot/Cold Insulation",6/24/2025,SUNNYLiFE,Flat River,Outdoor Living & Garden,outdoorliving-garden,Outdoor Tools & Equipment,outdoorliving-garden/outdoortools-equipment,Coolers,outdoorliving-garden/outdoortools-equipment/coolers,,,https://app.perpay.com/shop/product/441650,,54.99,32,22.99,18.99,45.99,45.99,1,Disabled,0,0,0,0,0,0,0,0,,,0,0,,
349606,Calvin Klein - Gabrianna Novelty Tote - Black,6/15/2021,Calvin Klein,Castle Merchandising,Handbags & Jewelry,handbags-jewelry,Handbags & Wallets,handbags-jewelry/handbags-wallets,Handbags,handbags-jewelry/handbags-wallets/handbags,Tote Bags,handbags-jewelry/handbags-wallets/handbags/totebags,https://app.perpay.com/shop/product/349606,349396,199.99,88.8,111.19,14.99,148,,0,Disabled,0,0,0,0,0,0,0,0,,,0,0,,
342726,Cuisinart - Classic 4-Slice Toaster - Silver,4/6/2021,Cuisinart,Rymax,Kitchen & Dining,kitchen-dining,Kitchen Appliances,kitchen-dining/kitchenappliances,Toasters,kitchen-dining/kitchenappliances/toasters,,,https://app.perpay.com/shop/product/342726,,129.99,78.98,51.01,14.99,130,,50,Disabled,0,0,0,0,0,0,0,0,,,0,0,,
394780,"Dickies - Men's Short Sleeve Logo Graphic T-Shirt Heather Gray, M",10/9/2023,Dickies,Apex,"Clothing, Shoes & Accessories",clothing-shoes-accessories,Men's Clothing,clothing-shoes-accessories/men-sclothing,Tops,clothing-shoes-accessories/men-sclothing/tops,T-Shirts & Tanks,clothing-shoes-accessories/men-sclothing/tops/t-shirts-tanks,https://app.perpay.com/shop/product/394780,,42.99,16.87,26.12,12.99,24.99,24.99,0,Disabled,0,0,0,0,0,0,0,0,,,0,0,,
319241,Melissa & Doug - Chef's Kitchen - Cloud,10/11/2019,Melissa & Doug,Melissa & Doug,Toys & Baby,toys-baby,Toys,toys-baby/toys,Dress Up & Pretend Play,toys-baby/toys/dressup-pretendplay,,,https://app.perpay.com/shop/product/319241,,349.99,140.25,209.74,24.99,254.99,254.99,10,Disabled,0,0,0,0,0,0,0,0,,,0,0,,
395362,"Fraser Hill Farm - 7.5' Flocked Snowy Pine Christmas Tree, Colorful LED Lightbulbs",10/10/2023,Fraser Hill Farm,Almo,Home,home,Rugs & Decor,home/rugs-decor,Holiday Decor,home/rugs-decor/holidaydecor,Christmas,home/rugs-decor/holidaydecor/christmas,https://app.perpay.com/shop/product/395362,,278.99,176,102.99,34.99,279.99,,0,Disabled,0,0,0,0,0,0,0,0,,,0,0,,
303715,"Behringer - Behringer Eurolive 500-Watt B1200D-PRO 12"" Active Subwoofer",4/3/2019,Behringer,Cascio Music,Lifestyle & Recreation,lifestyle-recreation,Hobbies & Crafts,lifestyle-recreation/hobbies-crafts,Music,lifestyle-recreation/hobbies-crafts/music,,,https://app.perpay.com/shop/product/303715,,584.99,300,284.99,24.99,419.99,,0,Disabled,0,0,0,0,0,0,0,0,,,0,0,,
408078,"Continental - TerrainContact H/T, 245/60R20, 107H",6/4/2024,Continental,Simple Tire,Auto,auto,Tires,auto/tires,Light Truck/SUV,auto/tires/lighttruck,All Season,auto/tires/lighttruck/suv,https://app.perpay.com/shop/product/408078,,380.99,231.11,149.88,14.99,324.99,324.99,0,Disabled,0,0,0,0,0,0,0,0,,,0,0,,
305535,Radar - RCX8 - 235/55R18,4/5/2019,Radar,Simple Tire,Auto,auto,Tires,auto/tires,Passenger ,auto/tires/passenger,All Season,auto/tires/passenger/allseason,https://app.perpay.com/shop/product/305535,,219.99,121.81,98.18,14.99,,,0,Disabled,0,0,0,0,0,0,0,0,,,0,0,,
330169,kate spade - Margaux Medium Satchel,6/12/2020,Kate Spade,Rymax,Handbags & Jewelry,handbags-jewelry,Handbags & Wallets,handbags-jewelry/handbags-wallets,Handbags,handbags-jewelry/handbags-wallets/handbags,Shoulder Bags,handbags-jewelry/handbags-wallets/handbags/shoulderbags,https://app.perpay.com/shop/product/330169,329999,399.99,183.4,216.59,14.99,298,,0,Disabled,0,0,0,0,0,0,0,0,,,0,0,,
356597,Lugz - Men's Grotto Fleece Chukka Boot - Roasted Cashew/Walnut/Gum - 10,8/19/2021,Lugz,Lugz,"Clothing, Shoes & Accessories",clothing-shoes-accessories,Shoes,clothing-shoes-accessories/shoes,Men's Shoes,clothing-shoes-accessories/shoes/men-sshoes,Boots,clothing-shoes-accessories/shoes/men-sshoes/boots,https://app.perpay.com/shop/product/356597,364668,99.99,38.49,61.5,19.99,79.99,,0,Disabled,0,0,0,0,0,0,0,0,,,0,0,,
312356,SensorPEDIC - Memory Cloud 3-Inch Quilted Gel-Infused Memory Foam and Fiber Mattress Topper - Full,5/8/2019,SensorPEDIC,Soft-tex International,Home,home,Furniture & Decor,home/furniture-decor,Bedroom,home/furniture-decor/bedroom,Mattresses,home/furniture-decor/bedroom/mattresses,https://app.perpay.com/shop/product/312356,312097,116.99,55.06,61.93,24.99,99.99,,0,Disabled,0,0,0,0,0,0,0,0,,,0,0,,
301777,Ashley Furniture - Kisper Square End Table,2/15/2019,Ashley Furniture,Ashley Express,Home,home,Furniture,home/furniture,Living Room Furniture,home/furniture/livingroomfurniture,End & Side Tables,home/furniture/livingroomfurniture/end-sidetables,https://app.perpay.com/shop/product/301777,,222.99,110.75,112.24,24.99,179.99,,0,Disabled,0,0,0,0,0,0,0,0,,,0,0,,
169727,Cherokee - Men's WorkWear Cargo Pant,10/28/2013,Cherokee,Cherokee,,,,,,,,,https://app.perpay.com/shop/product/169727,,27.99,10.5,17.49,2.99,,,674,Disabled,0,0,0,0,0,0,0,0,,,0,0,,
403196,"Crosley - Catalina 4-Piece Outdoor Furniture Cover Set, Tan",4/3/2024,Crosley,Crosley,Outdoor Living & Garden,outdoorliving-garden,Outdoor Furniture & Decor,outdoorliving-garden/outdoorfurniture-decor,Outdoor Furniture,outdoorliving-garden/outdoorfurniture-decor/outdoorfurniture,Outdoor Furniture Sets,outdoorliving-garden/outdoorfurniture-decor/outdoorfurniture/outdoorfurnituresets,https://app.perpay.com/shop/product/403196,403070,182.99,72,110.99,20.99,179,179,12,Disabled,0,0,0,0,0,0,0,0,,,0,0,,
390912,"Barbie - Dream Boat Playset with Pool, Slide & Accessories, Ages 3+ Years",9/23/2023,BARBIE,Power Sales,Toys & Baby,toys-baby,Toys,toys-baby/toys,Dolls & Dollhouses,toys-baby/toys/dolls-dollhouses,,,https://app.perpay.com/shop/product/390912,,79.99,63,16.99,11.99,69.99,34.99,16,Disabled,0,0,0,0,0,0,0,0,,,0,0,,
305384,General - Altimax RT43 - 185/65R15,4/5/2019,General,Simple Tire,Auto,auto,Tires,auto/tires,Passenger ,auto/tires/passenger,All Season,auto/tires/passenger/allseason,https://app.perpay.com/shop/product/305384,,169.99,94.47,75.52,14.99,,,0,Disabled,0,0,0,0,0,0,0,0,,,0,0,,
443812,"LEE - Men's Cortland Shoe, White/Green, 12",7/24/2025,Lee,Lee,"Clothing, Shoes & Accessories",clothing-shoes-accessories,Shoes,clothing-shoes-accessories/shoes,Men's Shoes,clothing-shoes-accessories/shoes/men-sshoes,Sneakers,clothing-shoes-accessories/shoes/men-sshoes/sneakers,https://app.perpay.com/shop/product/443812,,55.99,25,30.99,18.99,50,50,0,Disabled,0,0,0,0,0,0,0,0,,,0,0,,
406898,"Yokohama - Advan Sport A/S Plus, 245/35R19, 93Y",6/4/2024,Yokohama,Simple Tire,Auto,auto,Tires,auto/tires,Passenger ,auto/tires/passenger,All Season,auto/tires/passenger/allseason,https://app.perpay.com/shop/product/406898,,389.99,215.14,174.85,14.99,279.99,279.99,0,Disabled,0,0,0,0,0,0,0,0,,,0,0,,
385823,"Ralph Lauren - Andie Haircalf Medium Leather Drawstring Bag, Dark Chestnut/Zebra",6/27/2023,Ralph Lauren,Fulfillment Services,Handbags & Jewelry,handbags-jewelry,Handbags & Wallets,handbags-jewelry/handbags-wallets,Handbags,handbags-jewelry/handbags-wallets/handbags,Crossbody Bags,handbags-jewelry/handbags-wallets/handbags/crossbodybags,https://app.perpay.com/shop/product/385823,,420.99,214.55,206.44,14.99,325,325,0,Disabled,0,0,0,0,0,0,0,0,,,0,0,,
359382,Etymotic - ER3XR Extended Response Earphone with Bluetooth Cable - Black,10/11/2021,Etymotic,KleerWest,Electronics,electronics,Personal Audio & Video,electronics/personalaudio-video,Headphones,electronics/personalaudio-video/headphones,Wired,electronics/personalaudio-video/headphones/wired,https://app.perpay.com/shop/product/359382,,309.99,183.29,126.7,14.99,249.95,,50,Disabled,0,0,0,0,0,0,0,0,,,0,0,,
418180,"Bellavita - Sterling Silver Clad Rectangle Polished Hoop Earrings, 18K Yellow Gold, 2""",9/6/2024,Bellavita,Milor,Handbags & Jewelry,handbags-jewelry,Fashion Jewelry,handbags-jewelry/fashionjewelry,Earrings,handbags-jewelry/fashionjewelry/earrings,,,https://app.perpay.com/shop/product/418180,,87.99,35,52.99,16.99,83.33,83.33,35,Enabled,14,33,41,2,5,5,87.99,175.98,10685,12014,87.99,87.99,6446,9308
170040,Cherokee - Women's WorkWear Petite Pull-on Pant,10/28/2013,Cherokee,Cherokee,,,,,,,,,https://app.perpay.com/shop/product/170040,,23.99,7.5,16.49,2.99,,,59,Disabled,0,0,0,0,0,0,0,0,,,0,0,,
220479,Surya - Gemini Rounded 2' by 3' Dark Forest Ikat and Suzani Hand Woven Rug,7/29/2014,Surya,Surya,,,,,,,,,https://app.perpay.com/shop/product/220479,204971,204,68,136,29.99,,,0,Disabled,0,0,0,0,0,0,0,0,,,0,0,,
349104,Nitto - Ridge Grappler - LT37/13.50R18,6/14/2021,Nitto,Simple Tire,Auto,auto,Tires,auto/tires,Light Truck/SUV,auto/tires/lighttruck,All Terrain,auto/tires/lighttruck/suv,https://app.perpay.com/shop/product/349104,,889.99,480.3,409.69,14.99,,,0,Disabled,0,0,0,0,0,0,0,0,,,0,0,,
360796,Michael Kors - Eva Large Tote - Dark Berry Multi,10/28/2021,MICHAEL KORS,Rymax,Handbags & Jewelry,handbags-jewelry,Handbags & Wallets,handbags-jewelry/handbags-wallets,Handbags,handbags-jewelry/handbags-wallets/handbags,Tote Bags,handbags-jewelry/handbags-wallets/handbags/totebags,https://app.perpay.com/shop/product/360796,,384.99,180.9,204.09,19.99,298,,0,Disabled,0,0,0,0,0,0,0,0,,,0,0,,
362224,Polaroid - Go Film - Double Pack,1/15/2022,Polaroid,Rymax,Electronics,electronics,Personal Audio & Video,electronics/personalaudio-video,Cameras,electronics/personalaudio-video/cameras,Accessories,electronics/personalaudio-video/cameras/accessories,https://app.perpay.com/shop/product/362224,,30.99,16.84,14.15,9.99,16.56,,0,Disabled,0,0,0,0,0,0,0,0,,,0,0,,
